"데이터기준년월(BS_YR_MON)","서울시_블럭ID(BLK_CD)","성별(GENDER)","연령대(AGE)","거주자_수(CUST_CNT)","급여소득자_수(MDL4_CNT)","자영업자_수(MDL5_CNT)","기타(무직,주부,학생등)수(MDL9_CNT)","평균_증빙_연소득(AVG_ICM1)","평균_결정_연소득(AVG_ICM2)","평균_예금여력금액1(AVG_LN_P1)","평균_예금여력금액2(AVG_LN_P2)","신용대출_보유자_수(CRDT_LN_CNT)","주택담보대출_보유자_수(HOUS_LN_CNT)","평균_신용대출_대출잔액(CRDT_LN_BAL)","평균_주택담보대출_대출잔액(HOUS_LN_BAL)","평균_신용카드_총이용금액(3개월)(SIN_TOT_M3_AMT)","평균_신용카드_일시불이용금액(3개월)(SIN_FUL_M3_AMT)","평균_신용카드_할부이용금액(3개월)(SIN_INSTL_M3_AMT)","평균_신용카드_해외이용금액(3개월)(SIN_ABRD_M3_AMT)","평균_체크카드_총이용금액(3개월)(CHK_TOT_M3_AMT)","평균_체크카드_일시불이용금액(3개월)(CHK_FUL_M3_AMT)","평균_체크카드_할부이용금액(3개월)(CHK_INSTL_M3_AMT)","평균_체크카드_해외이용금액(3개월)(CHK_ABRD_M3_AMT)","평균_보유주택건수(HOUS_HLD_CNT)","자가거주자_수(ONHS_CNT)","경형_승용차_보유자_수(CAR_SZ01_CNT)","소형_승용차_보유자_수(CAR_SZ02_CNT)","준중형_승용차_보유자_수(CAR_SZ03_CNT)","중형_승용차_보유자_수(CAR_SZ04_CNT)","대형_승용차_보유자_수(CAR_SZ05_CNT)","국산_승용차_보유자_수(CAR_DMST_CNT)","수입_승용차_보유자_수(CAR_FRGN_CNT)"
"201812","2*2*9*","2","5",16,1,5,1,,37750,11551,15678,3,0,30383,240150,5269,1549,407,0,869,23,0,0,0,1,0,0,0,1,0,2,0
"201903","2*3*7*","2","2",18,5,0,8,,52554,13651,23252,4,3,19352,160529,590,0,161,0,205,305,0,10,0,0,0,0,1,0,0,0,0
"201806","2*2*4*","1","5",14,11,0,2,,13143,14250,10433,0,0,15357,0,7592,1089,64,0,2397,124,0,1,0,3,0,0,0,1,0,0,1
"201906","6*5*9","1","1",8,12,2,6,,41068,13615,4863,0,1,7007,0,5970,3383,505,83,446,414,0,0,0,4,0,0,0,0,1,1,0
"201803","3*3*4*","1","5",27,2,0,2,18025,21826,30213,5310,1,1,4263,0,3887,1264,1375,63,401,1083,0,0,1,1,0,0,0,0,0,0,0
"201803","3*4*8*","2","6",25,1,1,4,29158,28343,25862,8591,3,2,62000,30000,6108,915,331,0,740,833,0,0,0,0,0,0,0,0,0,0,0
"201806","1*5*7","2","3",18,15,2,2,,26778,19186,22972,1,0,38590,121281,3978,286,2319,136,1372,164,0,80,1,0,0,0,0,0,2,0,0
"201806","3*4*3*","2","6",12,5,0,4,201543,20000,11255,893,6,4,3691,178109,2462,1290,933,18,381,32,0,0,1,1,0,0,0,0,0,0,0
"201809","4*4*6*","1","5",12,1,2,9,72300,22118,19852,2991,7,1,42223,0,1330,1067,127,71,126,281,0,0,1,0,1,0,0,0,0,0,1
"201803","1*0*6","1","5",13,7,8,8,64250,30500,12277,8999,0,0,27802,76500,1692,1188,44,0,662,0,0,134,0,0,0,0,2,0,0,0,0
"201906","2*6*6*","2","3",26,0,0,11,30315,33267,12852,4672,2,1,13412,17649,2953,846,0,0,915,1478,0,44,0,0,1,0,1,1,0,3,1
"201803","2*8*6*","2","1",13,7,0,6,56800,25900,17879,3049,0,0,38064,0,1729,1776,722,48,13,1416,0,40,0,1,0,0,0,0,0,0,0
"201809","1*6*0*","2","2",41,2,0,16,26575,27603,19187,5445,4,0,22836,49000,852,900,138,0,1648,25,0,0,0,0,0,0,0,1,0,0,1
"201906","2*3*8*","2","5",7,35,1,5,67070,27077,12745,3661,8,0,0,68999,0,887,1249,95,1,1608,0,0,1,4,0,0,0,0,0,0,0
"201809","2*1*7*","1","4",15,2,1,2,,31063,17286,19152,0,0,124914,0,2105,532,545,0,457,113,0,0,0,4,1,0,0,2,0,0,0
"201906","1*2*7","2","3",8,11,2,4,94583,36750,16117,0,1,1,15239,73785,98,7541,311,1390,1226,28,0,24,0,0,0,0,1,1,0,0,1
"201803","2*2*3*","1","2",22,13,1,9,24440,31973,7915,22881,6,0,0,36590,11076,1156,95,45,44,197,0,0,0,0,0,0,0,0,0,2,0
"201906","1*5*5","2","4",8,4,1,7,106432,18200,8001,13475,3,0,3930,0,3373,11468,55,15,1997,218,0,0,0,3,0,0,0,1,1,1,0
"201803","3*2*5*","2","2",11,2,10,1,25295,28600,4602,8528,2,0,8439,0,6209,1871,727,185,731,651,0,4,0,5,0,0,0,0,1,0,0
"201906","4*1*9*","1","4",6,7,6,5,,33990,26504,5928,1,0,51212,0,4452,6744,290,16,541,621,0,95,1,0,0,0,0,3,0,5,0
"201812","1*1*0","1","2",8,11,3,0,12200,38326,13318,3986,12,3,3802,10000,2452,427,299,140,178,492,0,58,0,8,0,0,0,1,0,0,0
"201806","3*5*1*","2","4",23,8,2,3,75657,21032,27009,5937,7,0,37914,296546,0,1347,424,129,1337,0,0,9,0,3,0,0,0,0,0,1,0
"201906","2*2*1","2","2",20,0,1,12,,19913,7985,3280,2,1,62556,0,1526,311,743,145,172,1251,0,0,0,0,2,0,0,0,0,0,0
"201906","2*3*5*","2","2",25,0,0,18,29040,24286,24865,4631,3,6,0,619671,987,1017,25,878,865,780,0,0,0,0,0,0,0,0,0,0,1
"201812","2*7*0*","2","6",6,17,3,3,,36087,8996,21233,1,2,10000,0,3719,3530,1262,30,1294,491,0,0,0,2,0,0,1,0,0,1,0
"201809","3*5*3*","2","5",18,5,1,9,36972,43057,7884,12852,1,0,6023,0,6622,2205,2193,9,718,825,0,68,0,0,1,0,0,0,0,4,0
"201903","2*3*7*","2","3",9,5,0,3,,33191,14127,28383,8,0,9982,0,121,331,0,183,462,496,0,0,0,0,0,0,0,2,0,0,0
"201803","2*4*1","2","4",13,2,0,8,,39615,17110,25367,4,3,1496,102789,8028,1602,220,125,0,1570,0,0,0,3,0,0,0,1,0,0,0
"201903","2*6*1*","2","4",68,5,1,1,36270,62826,2012,5491,7,1,0,0,642,2754,1296,334,2151,579,0,0,0,4,0,0,0,0,0,0,0
"201906","2*5*0","1","6",30,4,3,7,19740,29287,15346,32658,0,0,10268,135445,4790,7804,521,35,160,326,0,0,1,2,0,0,0,0,2,0,0
"201812","2*7*8*","2","7",21,4,7,5,18105,24071,24223,16644,3,0,62693,75000,1828,3360,38,33,93,754,0,0,1,4,0,0,0,0,3,0,0
"201806","2*9*8*","2","6",65,2,0,21,,27640,44743,2981,5,0,10506,0,645,257,96,0,401,2411,0,16,1,3,1,0,0,0,0,0,0
"201803","2*2*4*","1","3",10,2,0,8,39144,30461,19413,11785,2,0,70000,110150,1334,1225,940,12,347,506,0,0,0,0,0,0,0,0,0,0,0
"201812","2*5*0*","1","7",8,4,0,10,,26625,13007,8800,3,0,10252,0,3458,1243,28,0,869,2103,0,0,0,0,0,0,0,0,0,0,0
"201906","2*1*0*","1","3",7,0,2,5,98574,28332,17809,5484,5,0,72476,0,1107,2037,138,141,341,742,0,0,0,0,0,0,0,0,1,0,0
"201809","2*9*3","1","5",6,1,3,2,34745,45732,10147,8509,0,1,14104,0,3263,1602,1061,88,1077,152,0,0,0,11,0,0,0,0,3,0,0
"201809","2*4*9","1","5",14,30,6,1,,40728,15906,0,0,0,28424,236000,5909,1021,1192,0,942,24,0,0,1,0,1,0,1,0,0,0,0
"201809","2*7*4","2","2",19,11,3,10,51320,30518,19941,9317,3,6,9000,68145,2972,854,70,57,1693,955,0,0,0,0,1,0,1,2,0,0,1
"201903","1*4*6*","2","3",7,4,4,7,27800,27988,9569,23707,9,6,37815,0,1063,0,442,1,40,1624,0,0,1,0,0,0,0,0,0,0,0
"201903","2*9*3*","1","5",7,2,0,4,128633,38621,11936,20119,5,0,25655,0,10364,9635,160,0,108,1524,0,12,0,2,0,0,0,0,0,1,0
"201809","2*2*9*","1","5",7,19,2,5,,49611,12001,9436,0,0,36921,0,0,3455,333,31,457,182,0,0,0,0,0,0,0,1,0,1,0
"201903","1*4*6*","2","6",11,5,0,6,63090,20385,20963,7062,9,0,0,124124,527,166,85,30,910,730,0,102,0,0,0,0,0,0,0,1,0
"201903","1*2*6","2","7",70,2,0,6,35080,42667,17769,14087,6,3,18150,174352,6944,2088,239,131,929,477,0,0,0,0,0,0,0,0,1,2,1
"201903","4*9*1*","2","4",11,6,6,5,103402,63367,18720,939,3,0,5346,102262,645,942,389,28,148,366,0,0,0,0,0,0,0,1,0,1,0
"201906","3*2*4*","2","7",8,11,1,4,,24124,12009,7722,9,1,26727,122686,2114,2473,133,456,294,810,0,0,0,0,0,0,0,0,0,0,0
"201809","1*2*4","2","5",11,4,1,4,,13667,15882,36754,4,0,53206,52351,3223,1677,826,127,507,588,0,0,1,1,0,0,0,0,0,1,0
"201806","2*9*4","1","7",32,4,2,4,11260,18333,6950,15777,1,0,12996,0,980,3572,401,84,814,325,0,1,1,3,0,0,1,0,0,0,0
"201906","9*3*","1","7",17,0,3,5,,13556,13269,6371,4,2,0,0,4720,2300,783,53,494,21,0,0,0,0,1,0,0,0,0,0,0
"201806","5*2*2*","2","3",18,7,0,2,49820,28209,15946,4725,8,11,65302,0,1945,1246,231,0,1055,361,0,0,0,2,0,0,0,0,0,0,0
"201812","3*7*7*","1","3",13,10,1,3,,34478,11276,8389,9,0,4348,0,1472,0,68,5,567,684,0,0,0,0,0,0,0,0,0,0,0
"201803","2*6*1*","1","4",27,6,1,2,41995,40105,15985,22117,1,1,8778,392825,8242,2568,692,102,493,1761,0,0,0,0,1,0,0,0,0,0,0
"201812","2*4*4*","1","5",34,6,0,8,68260,17733,20709,996,2,2,10388,0,2973,1882,34,16,965,892,0,0,0,0,0,0,0,0,0,1,0
"201806","2*0*9*","1","2",24,6,2,15,,25867,12444,4660,2,5,7778,33060,3076,2280,674,73,194,1199,0,4,0,0,0,0,0,0,0,1,0
"201906","5*2*6*","2","4",14,5,3,4,33813,27000,17374,2048,3,4,0,39800,3012,661,531,2,699,966,0,0,0,0,0,0,0,0,0,0,1
"201806","2*5*0*","2","6",8,4,0,7,37190,21680,12569,18893,4,0,0,92282,3933,19,603,0,1133,1566,0,0,1,0,1,0,1,0,0,0,0
"201906","2*1*8*","1","5",16,5,6,2,,41242,23102,10778,6,0,38912,0,3148,904,471,12,999,0,0,22,1,14,0,0,0,1,0,1,0
"201806","2*9*1","2","7",20,6,7,7,82800,25591,6130,6984,100,3,250,119744,1090,2245,69,0,0,126,0,0,0,5,0,0,0,1,2,1,0
"201809","2*7*4*","2","4",16,4,1,4,24000,25613,21891,28044,2,0,10226,0,0,3280,1174,0,425,417,0,2,1,1,0,0,0,0,0,0,0
"201803","1*8*7","2","5",18,7,8,5,15620,18067,12605,5071,2,6,54971,208756,3191,4977,0,46,556,918,0,0,1,1,0,0,0,2,0,1,0
"201809","2*6*2","2","2",10,13,2,6,34860,29830,41993,15598,0,3,49277,0,2814,0,250,0,547,1177,0,0,1,3,0,0,0,0,0,1,0
"201803","2*4*2*","2","5",6,16,2,5,101372,17917,25703,18528,1,2,0,85000,7336,1573,647,28,215,534,0,0,0,1,0,0,1,0,0,2,0
"201903","3*0*1*","1","2",29,3,4,2,32382,38177,14721,9169,2,0,4015,295167,14249,2351,622,5,865,533,0,0,0,5,0,0,0,1,0,1,0
"201803","1*9*0","1","6",6,9,0,11,60759,34763,16634,7093,1,0,0,621156,4113,0,615,0,1113,687,0,0,1,2,0,0,2,0,1,1,0
"201806","4*3*0*","1","4",8,10,10,8,,30179,20241,9642,1,1,7889,0,1882,405,139,4,675,261,0,0,1,0,0,0,0,1,0,2,0
"201906","4*1*5*","1","5",9,11,2,11,,31833,15069,997,3,0,25958,116640,80,2451,292,578,1586,762,0,0,0,1,0,0,0,0,1,0,0
"201812","4*0*1*","2","4",13,6,2,15,52673,19089,11095,17102,4,0,21260,87122,1092,443,0,20,1320,926,0,17,0,0,0,0,1,0,1,0,0
"201903","2*5*3","2","6",23,16,1,11,,24608,20648,9301,0,0,0,0,1439,379,1014,414,630,1046,0,480,1,3,0,0,0,0,0,0,0
"201906","2*1*5*","2","3",37,1,0,7,32800,27920,26537,8167,0,5,6265,0,7174,1145,368,398,247,686,0,0,0,1,0,0,0,0,0,1,0
"201903","1*3*0*","1","2",63,6,1,8,,26292,10059,9476,0,0,11621,161449,3307,2049,1629,15,1006,1480,0,0,1,0,0,0,0,2,0,1,0
"201906","1*4*5","1","2",15,0,1,3,,75286,10510,12518,7,2,19986,99149,7200,2216,239,0,1164,822,0,0,1,10,0,0,0,0,0,1,0
"201812","2*1*3*","1","3",10,2,0,9,47580,21571,20406,19340,7,0,15118,125238,2435,3814,800,0,1117,0,0,0,1,1,0,0,0,1,0,1,0
"201903","1*4*4*","1","2",17,9,5,3,,26675,11779,9342,0,1,15309,0,2176,3430,938,0,554,507,0,242,1,1,0,0,0,0,0,3,0
"201806","2*2*1","1","7",8,10,2,3,,24250,11940,1750,0,3,5917,120000,2174,3166,220,9,1317,931,0,0,0,0,0,0,0,0,1,0,0
"201906","2*2*7*","2","4",30,3,2,2,52910,27210,13658,6793,2,1,34627,151350,2539,1806,211,121,1207,1099,0,0,1,2,0,0,0,1,0,0,0
"201806","1*3*7*","1","2",27,2,1,5,19340,20455,10097,6625,4,1,6214,200000,482,2701,559,1,1287,1731,0,0,1,1,0,0,0,0,0,1,0
"201812","3*2*8","2","3",16,6,0,11,121876,34597,6186,7309,3,0,9101,0,3921,1958,442,0,134,7,0,6,1,0,0,0,0,0,0,1,0
"201812","2*9*2*","2","2",37,2,2,4,20800,25000,15833,10767,4,0,23032,31355,0,756,249,0,350,2088,0,0,0,0,0,0,0,0,0,0,0
"201809","4*5*8*","1","6",7,21,2,5,18930,37161,5899,14328,3,0,11370,227672,3722,1487,1088,0,202,880,0,142,0,0,0,0,0,0,1,1,0
"201806","1*5*0","2","5",16,9,2,9,43610,79072,9678,2667,6,1,8000,0,9764,3495,496,209,55,4818,0,0,0,0,0,0,1,0,0,0,0
"201806","3*4*5*","1","2",42,3,4,3,21415,25650,11666,19305,0,0,46872,0,214,2428,525,53,859,385,0,14,0,1,0,0,0,0,1,0,0
"201906","2*2*3*","2","4",7,23,0,14,,34476,8289,0,3,2,25588,0,2540,2649,180,0,895,735,0,0,1,8,0,0,2,0,0,2,0
"201906","2*3*9","2","6",9,13,3,4,,33385,15488,12658,2,0,6042,50000,7833,3,2145,33,1647,116,0,0,0,40,0,0,0,0,1,0,0
"201812","2*2*5*","1","6",15,4,2,5,28690,19559,205201,5183,10,8,17168,0,0,1283,141,0,656,128,0,5,1,1,0,0,0,1,0,4,0
"201803","3*5*0*","1","3",8,2,1,3,,29286,8418,2763,5,0,37689,0,5811,1690,598,109,354,0,0,0,0,4,1,0,0,0,2,2,0
"201906","4*5*3*","1","7",23,11,3,2,70868,33263,23336,8966,1,2,49000,152842,1109,3335,598,322,96,38,0,0,0,1,0,0,0,0,0,3,0
"201903","2*4*1*","2","7",8,3,1,13,,47005,14859,6994,0,0,0,149560,0,0,162,283,466,743,0,0,0,0,0,0,0,1,0,3,0
"201803","1*7*3","1","2",6,1,0,2,36390,21727,32560,3405,0,0,11310,275000,4461,8000,186,198,1096,1514,0,0,0,3,0,0,0,0,0,0,0
"201806","1*6*4","1","5",23,5,4,3,,25000,15684,14947,0,0,66607,20000,2218,2037,133,306,404,485,0,0,1,0,0,0,0,0,0,0,0
"201809","1*1*5","1","3",8,24,0,9,33966,16500,8453,1927,3,0,3156,540980,741,516,639,339,482,129,0,0,0,0,1,0,0,0,0,0,1
"201809","2*4*7*","1","3",35,7,6,12,64443,14714,12910,16330,2,8,1416,0,2186,4949,38,0,1858,1180,0,35,0,2,0,0,0,0,0,0,1
"201812","2*1*1*","1","2",6,6,0,8,48135,35065,24242,5688,1,4,32003,207546,240,412,0,194,1605,550,0,0,0,2,0,0,0,0,0,0,0
"201906","5*2*6*","1","4",6,3,4,7,34810,46215,266774,17672,2,3,9639,26443,467,874,1058,0,1267,230,0,17,0,1,0,0,0,0,0,2,1
"201803","3*5*9*","2","6",20,1,0,5,,35833,13848,5857,21,1,24550,206132,142,1363,951,2,96,354,0,214,0,6,0,0,0,2,0,2,0
"201903","1*7*8*","2","2",14,4,0,2,,29092,24595,5797,11,0,8157,0,5088,1107,339,0,562,1638,0,0,0,0,0,0,1,0,0,1,0
"201809","2*3*4*","1","6",17,9,1,5,26040,26943,11812,7029,3,0,10000,143782,3234,1546,540,0,1970,861,0,14,1,2,0,0,0,0,1,0,0
"201903","3*0*9*","1","6",19,3,2,2,36070,12167,12791,6269,1,1,12092,122845,1254,1740,656,57,372,166,0,0,0,1,0,0,0,0,0,0,0
"201809","2*1*9*","2","6",14,14,7,3,,32779,9954,6792,4,0,11795,98390,4628,121,371,116,174,1176,0,17,0,2,0,0,0,0,0,0,0
"201806","2*9*0*","2","1",21,2,1,1,55927,55886,12922,7878,1,1,5446,115139,4260,1230,226,0,2357,632,0,0,0,0,0,0,0,0,1,2,0
"201806","1*2*6","1","2",9,2,0,4,38781,19571,10822,8388,1,1,2477,205166,6560,2325,385,8,129,988,0,20,0,3,0,0,0,0,0,2,1
"201812","2*7*9*","2","7",13,24,2,6,44315,44064,10822,28015,0,4,13978,0,3566,9885,0,0,124,648,0,12,0,0,0,0,0,0,2,3,0
"201809","2*0*3*","2","7",21,2,1,1,38005,21400,17967,5601,7,8,5643,0,3393,267,663,25,136,212,0,0,0,0,0,0,0,0,1,1,0
"201812","1*4*0*","2","5",6,1,0,13,41330,23842,58588,5506,1,1,119076,0,4510,401,489,0,1152,1028,0,2,1,3,0,0,1,0,0,0,1
"201812","3*3*6","2","1",10,6,2,8,,13077,20000,4540,1,14,30935,554400,2323,474,561,0,48,1164,0,0,0,2,0,0,0,0,0,0,0
"201812","1*5*2","2","7",17,2,0,10,12000,66611,16206,6482,3,0,0,279036,8344,647,273,5,611,195,0,0,0,0,0,0,0,1,0,1,0
"201806","2*9*5*","2","7",20,4,0,29,62215,31857,16332,6433,6,0,7115,133333,0,4479,247,151,375,894,0,0,0,0,0,0,0,1,3,1,0
"201812","4*6*","1","3",9,27,0,5,27590,13250,18462,35606,0,4,10406,102341,224,3305,284,117,291,1557,0,28,0,0,0,0,0,0,0,0,0
"201809","2*2*8*","2","6",6,3,0,9,34885,19704,16323,2050,1,1,43340,0,1264,886,270,0,508,890,0,0,1,4,0,0,0,0,0,1,0
"201906","3*6*3*","1","7",18,3,0,10,,40518,15827,2533,2,1,20099,400000,3667,415,1955,106,198,246,0,6,0,3,0,0,0,0,0,0,0
"201803","2*2*2*","1","3",15,6,7,3,,87315,18689,11808,3,1,4736,66808,6588,5286,835,0,1638,0,0,983,1,7,1,0,0,0,0,0,0
"201803","2*0*6*","2","6",25,3,3,10,,22924,8693,6807,9,1,6715,0,346,771,756,0,852,0,0,0,0,1,0,0,0,0,0,3,0
"201803","2*8*5*","1","4",36,5,0,15,54410,25286,13351,12375,0,2,22043,38333,24988,1318,985,43,2053,391,0,0,0,7,0,0,1,1,0,1,0
"201809","1*0*6","2","5",9,7,1,2,90260,26667,11041,19233,2,0,10608,0,3582,3677,510,0,843,885,0,6,0,0,1,0,0,0,0,0,0
"201803","2*2*5*","1","2",24,10,2,4,,33797,16132,5157,12,3,6173,83476,709,1829,387,21,882,603,0,0,1,0,0,0,0,1,0,1,0
"201906","2*5*3","1","4",21,5,0,4,82720,29750,10806,2418,0,4,14360,249886,2029,304,810,0,400,310,0,0,1,5,0,0,0,0,0,1,0
"201906","2*2*0*","1","3",11,6,0,6,59252,12111,10976,3147,3,0,20045,65000,3340,919,981,49,22,935,0,210,1,6,0,0,0,0,1,0,0
"201906","2*0*7*","1","3",22,5,6,3,19030,22222,8745,6537,7,0,12690,0,2434,305,482,8,90,560,0,0,0,0,0,0,0,0,1,0,0
"201903","2*8*0*","1","1",18,6,2,6,107160,35301,21733,4549,4,0,2300,0,1457,841,872,0,1840,512,0,33,0,0,0,0,1,0,0,0,0
"201806","2*7*3*","2","1",21,12,0,3,,45066,34325,2115,6,0,0,57325,1576,16852,10611,394,0,1865,0,0,0,0,0,0,3,0,0,3,0
"201803","2*6*5","2","3",11,14,2,4,82883,72367,17039,17570,0,5,14400,63332,3207,274,777,191,1120,433,0,0,0,4,0,0,0,0,0,1,0
"201903","3*5*4*","2","2",15,8,2,3,76054,36386,17487,14675,0,0,10987,0,3536,3093,293,26,505,1543,0,0,1,0,0,0,0,0,0,0,0
"201809","3*4*1*","1","5",6,1,1,6,,27382,16020,2398,3,0,34386,105931,581,2218,885,0,681,1297,0,0,1,0,0,0,0,0,0,1,0
"201806","3*2*9*","2","6",14,23,3,7,,31429,13648,14924,3,0,0,29763,977,4833,0,0,1281,1038,0,5,0,0,0,0,1,0,0,5,0
"201806","1*1*4*","1","2",20,2,4,2,33670,34076,17634,29509,2,1,0,84406,4690,221,604,54,1417,591,0,0,0,0,0,0,0,0,0,1,0
"201809","2*7*0*","1","5",17,12,3,12,,48764,15520,5498,6,1,14398,129011,7826,913,841,0,541,618,0,0,0,3,0,0,1,0,0,0,0
"201809","1*4*6*","2","2",36,1,2,15,26800,42414,21128,3227,0,1,0,0,809,11613,969,58,284,492,0,0,0,6,0,0,0,0,0,0,0
"201906","2*0*4","2","3",10,17,3,4,60137,20850,25301,1071,0,0,10397,0,3506,893,236,8,154,893,0,35,1,6,0,0,0,0,0,0,0
"201812","1*4*7*","1","7",19,7,1,6,49475,34021,15563,3697,4,0,14739,0,16853,867,242,183,1422,551,0,0,0,0,0,0,0,0,0,1,0
"201903","3*0*8*","1","2",13,10,0,2,32985,46756,23115,2728,12,0,14487,108000,2076,905,1048,0,1652,1022,0,0,0,2,0,0,0,0,0,1,0
"201903","2*2*6*","2","7",27,8,0,4,22750,38315,17137,40603,6,0,7410,208931,4235,1438,693,82,659,428,0,0,0,0,0,0,0,0,1,5,2
"201803","2*4*9*","1","7",9,2,0,4,26070,29043,9641,11562,8,1,10368,99918,1971,1099,431,169,269,351,0,0,0,2,0,0,0,0,0,1,0
"201812","3*6*9*","2","5",13,6,2,3,24733,21000,13677,20786,3,1,0,0,6621,656,767,0,722,364,0,16,0,0,0,0,0,0,2,0,0
"201906","1*7*7*","1","7",25,12,0,3,,26615,19228,1255,0,9,8934,0,1519,12528,61,0,1215,1262,0,29,3,0,0,0,0,0,0,3,0
"201906","1*8*8","1","4",21,0,0,8,12770,29146,15450,50771,2,1,63973,0,1967,2566,1548,0,554,491,0,11,0,0,0,0,0,0,1,0,0
"201812","9*4*","1","1",6,33,0,3,,29625,26647,695,1,0,0,0,1806,2239,458,0,187,1211,0,0,0,1,0,0,0,0,0,0,1
"201903","2*7*7*","1","2",8,19,4,8,,25585,6633,16331,3,2,13254,19861,4861,2909,273,0,563,704,0,0,0,0,0,0,0,0,0,2,0
"201806","2*1*4*","2","5",17,11,3,2,24600,26691,23533,4137,2,3,78057,0,3450,98,9,0,105,2,0,0,0,0,0,0,1,1,0,0,0
"201906","2*4*3*","2","7",17,6,9,5,20230,20556,18257,3746,0,0,9015,236300,2227,5831,172,0,1867,501,0,15,0,0,0,0,3,1,0,0,1
"201812","1*4*3*","1","4",6,2,0,11,56812,24310,10590,9666,2,1,9006,93325,2247,1125,165,5,928,973,0,0,0,2,0,0,0,0,1,1,0
"201809","2*1*9*","2","7",8,11,0,5,88072,21379,8671,3811,0,3,0,0,909,0,1416,2,504,1937,0,0,0,1,1,0,0,0,0,1,0
"201806","1*5*7*","2","6",7,18,1,3,15600,34571,12942,4948,2,0,22548,178700,3367,1926,0,0,1410,324,0,46,0,2,0,0,0,0,0,1,0
"201803","2*2*3*","2","4",17,4,1,7,11840,35231,14307,6269,4,3,59456,138245,0,242,1236,0,1526,1718,0,0,0,0,0,0,0,0,0,1,0
"201903","5*0*8*","1","2",14,7,4,12,26863,18694,13456,3020,2,2,25687,0,1288,247,1273,39,632,1887,0,0,1,4,0,0,0,0,0,0,0
"201806","2*4*0*","2","6",7,34,4,4,27070,29429,14401,9061,9,0,800,59200,4783,779,55,113,851,714,0,2,1,0,0,0,0,0,0,0,0
"201906","3*0*8*","1","3",20,12,6,2,48130,27316,12171,11865,1,2,0,172542,1983,2105,245,15,1821,328,0,0,0,0,0,0,0,1,2,0,1
"201903","5*0*8*","2","2",10,10,4,7,39213,27375,11169,21083,5,0,38420,0,0,1278,953,9,1395,69,0,0,0,0,0,0,0,0,0,0,0
"201812","3*3*3*","2","4",12,12,2,6,23295,39640,10564,3618,1,1,0,0,3709,2238,215,111,424,1328,0,0,0,17,0,0,0,0,0,2,0
"201803","3*2*1*","2","2",14,1,0,4,13410,13500,10938,0,6,5,1959,0,2470,229,0,59,18,795,0,0,1,0,0,0,0,0,1,1,0
"201906","2*1*8","1","5",19,6,2,5,,24000,10484,10817,8,1,0,83163,4655,2708,548,9,161,229,0,0,0,0,0,0,1,1,0,0,0
"201809","1*4*2*","1","4",10,3,6,7,51410,33795,55371,28527,3,5,4887,0,2170,354,241,212,1259,208,0,0,0,4,0,0,0,0,0,1,0
"201903","1*5*9","1","2",61,4,3,4,87087,31293,12340,3006,2,1,15064,72953,4706,1032,1523,63,641,970,0,0,1,5,0,0,0,0,0,1,0
"201812","4*1*4*","1","2",52,10,1,26,39420,21430,16050,67186,0,0,12073,0,0,2476,471,0,689,463,0,0,0,7,0,0,0,1,0,0,0
"201809","1*6*0","1","4",8,2,4,7,96548,30383,8861,6968,5,0,44541,0,2458,2076,74,0,545,416,0,3,0,1,0,0,0,1,0,2,0
"201903","2*2*5","2","5",108,39,0,7,,24333,13274,9778,7,1,0,27000,4451,301,213,115,1017,651,0,40,0,0,0,0,0,0,0,3,0
"201809","2*5*0","2","4",21,4,0,11,,29364,9685,2515,0,2,1220,0,2147,4032,56,203,45,119,0,0,0,0,0,0,0,0,0,1,0
"201803","2*3*8","1","2",8,0,1,7,37870,35755,19028,22929,11,4,16201,0,288,1272,0,474,1209,558,0,71,0,4,0,0,0,0,0,0,0
"201812","2*3*1*","2","5",6,6,1,13,,41302,36968,2877,5,4,14740,0,631,1772,989,87,3345,1689,0,0,0,4,0,0,0,0,0,3,0
"201809","1*7*6","2","2",175,5,0,1,,25400,22425,12075,0,0,1133,44500,5407,247,1143,213,258,123,0,7,0,1,0,0,0,1,1,0,0
"201809","2*3*4*","2","1",6,19,0,5,,56479,13764,11273,1,1,849,0,4594,168,21,4,602,100,0,0,0,6,0,0,0,0,0,0,0
"201812","2*3*1","2","6",14,14,3,5,18290,37156,11547,4955,5,2,26372,0,552,7553,340,0,197,107,0,48,0,2,0,0,0,0,0,0,0
"201809","2*3*0*","2","3",9,6,0,2,38045,20696,10727,3268,2,5,30810,64566,565,0,34,0,1069,1016,0,0,0,15,0,0,1,0,3,0,0
"201903","5*2*8*","2","3",12,15,1,1,36680,21833,21341,0,0,0,12942,311830,1924,2795,396,73,687,1715,0,0,0,0,0,0,0,0,0,0,0
"201903","5*4*2","1","4",9,1,1,9,33795,24286,11406,26659,6,0,0,0,0,4820,813,0,606,252,0,0,0,4,0,1,0,1,0,1,0
"201809","8*3*","2","6",10,15,0,7,41835,31537,14366,2006,2,1,56901,0,1205,947,875,36,69,348,0,0,0,0,0,0,0,0,0,1,0
"201903","2*6*7","2","4",20,4,0,10,,29593,9683,6810,0,2,39227,30486,1679,149,451,0,905,90,0,0,0,0,0,0,0,2,0,1,0
"201809","1*9*5*","2","2",20,12,3,6,47830,31307,11313,9158,2,0,89782,128517,6724,947,142,35,247,483,0,18,0,0,0,0,0,0,0,0,0
"201903","1*0*9","1","4",10,20,1,2,,22000,18912,1471,6,0,9086,0,1303,1128,49,266,672,446,0,11,0,4,0,0,0,1,0,4,0
"201903","1*7*1*","2","2",12,6,7,7,34014,42493,13649,3271,1,4,11463,0,243,3415,534,0,1529,282,0,2,0,3,0,0,0,1,1,0,0
"201806","2*7*9*","2","7",11,6,0,9,22450,21900,18556,7021,6,5,24117,106808,2119,1246,299,158,443,751,0,6,1,11,0,0,0,1,1,0,0
"201812","3*7*1*","2","2",10,9,18,2,,46270,12135,3191,0,0,20738,59674,1495,1023,1537,56,1288,429,0,15,0,0,0,0,1,0,1,0,0
"201803","4*3*9*","2","6",13,7,2,8,,33700,42424,5287,3,1,27302,273343,2756,200,526,0,963,1626,0,31,0,2,0,0,1,0,1,2,0
"201903","1*2*9","2","7",13,0,3,8,,32490,11703,16238,1,3,0,78612,503,1835,384,0,552,520,0,134,0,4,0,0,0,1,0,1,0
"201906","1*0*4","1","7",15,5,1,3,,28667,9150,8476,1,0,12414,0,1047,5263,518,48,635,4,0,0,0,3,0,0,0,0,0,1,0
"201906","4*2*4*","2","3",18,19,0,7,35823,30750,14647,2166,13,0,28161,73000,6602,4825,276,0,1229,362,0,2,0,5,0,0,0,0,0,1,0
"201806","9*2*","1","4",15,6,1,15,46810,28625,12140,14869,0,1,18565,0,245,1365,1097,93,1511,1130,0,0,0,0,0,0,0,0,0,0,0
"201809","2*2*9*","1","3",8,9,0,3,21120,35086,14063,5163,0,1,11847,57790,2035,3042,1563,0,958,931,0,0,0,4,0,0,0,0,0,6,0
"201906","2*1*4*","1","4",8,6,2,4,,34631,33344,4737,0,1,8975,165820,4964,1127,27,6,806,977,0,0,0,1,0,0,1,0,3,0,1
"201906","2*6*5*","2","6",15,4,2,8,45053,18700,14190,5522,1,1,7477,0,3444,2440,1345,0,719,923,0,1,0,1,0,0,0,0,1,1,0
"201809","2*4*8","1","3",18,5,3,3,,25714,16933,7553,0,0,8889,0,315,1042,1075,42,66,1250,0,0,1,0,0,0,0,0,0,0,0
"201806","1*7*6","2","2",6,27,4,2,,32073,17563,692,0,0,4669,0,3405,3314,1937,2,434,226,0,0,0,2,0,0,0,0,0,3,0
"201903","2*6*6*","1","4",10,5,1,10,50545,24577,13220,9762,17,0,4570,0,901,1563,387,0,1429,754,0,0,0,3,0,0,0,1,1,2,0
"201906","2*9*2*","2","5",7,5,2,11,,35722,9390,5857,1,0,0,0,365,2331,0,62,0,725,0,0,1,0,1,0,0,0,0,2,0
"201806","1*0*4","1","4",25,4,0,11,,39636,17431,3957,4,0,8814,0,1172,4427,440,0,1192,475,0,0,1,0,0,0,0,2,0,0,0
"201809","8*3*","1","4",14,8,1,3,,27672,10308,0,3,0,0,225478,7016,10585,80,49,151,1453,0,0,1,0,0,0,0,3,0,0,0
"201906","2*6*9*","2","3",41,7,1,5,36730,53763,19775,4828,2,0,20203,208000,6774,3923,1310,73,1363,10,0,0,0,0,1,0,0,0,0,2,0
"201806","2*1*2*","1","3",10,5,1,2,,21918,18096,18630,2,3,17949,0,1723,3473,275,266,591,168,0,1,0,0,0,0,0,0,0,0,0
"201812","2*6*4","1","2",371,17,0,6,,18615,21846,9063,5,6,32802,149330,5657,2565,301,1,304,0,0,0,1,0,0,0,0,0,0,0,0
"201803","1*2*7*","2","7",10,4,0,2,38550,36302,11574,6174,0,7,21835,0,4448,2873,325,103,1209,1208,0,311,1,15,0,0,0,0,1,0,0
"201903","4*0*9*","1","2",18,4,0,5,55430,47294,10841,17251,3,1,12431,65000,3155,2900,3834,2,0,0,0,0,0,7,0,0,0,1,0,0,0
"201903","2*5*0*","2","5",10,12,3,3,54053,80543,15610,8820,2,1,20824,737980,13420,5783,1240,7,68,745,0,73,0,0,0,0,0,0,0,1,0
"201903","1*2*5*","1","5",13,0,1,4,,28277,8580,16448,12,2,0,205480,2471,5153,1813,741,1110,328,0,0,0,10,0,0,0,0,0,0,0
"201809","4*2*3*","2","7",7,3,2,9,,26144,15569,9879,2,0,1268,0,1141,1124,640,0,0,1985,0,0,0,0,0,0,1,1,0,0,2
"201903","2*3*6*","2","5",27,4,1,5,21600,37989,26775,3667,11,1,19325,48519,2099,1670,5599,135,342,1057,0,0,0,1,1,0,0,0,0,0,0
"201806","2*4*5","2","6",11,8,2,11,10970,31866,34867,2188,2,0,4365,262233,2254,3366,680,0,658,580,0,0,0,1,0,0,0,1,1,1,0
"201812","2*2*3*","1","5",25,13,0,9,,31664,10245,2799,1,3,10600,0,3835,7671,110,137,912,122,0,0,1,0,0,0,0,0,1,3,0
"201803","1*2*3","1","4",8,3,2,5,53324,25615,15497,2470,1,1,0,337480,1106,2863,622,0,486,295,0,1,1,0,0,0,0,0,1,0,0
"201812","1*3*2","1","4",12,7,4,11,,28286,6977,9305,1,4,12233,58770,2378,3879,409,0,1721,267,0,0,0,2,0,0,0,0,0,0,0
"201806","2*9*8*","2","4",6,8,2,1,,33039,24150,5159,2,0,18619,0,4385,286,587,28,98,736,0,0,0,1,1,0,0,3,4,3,0
"201903","2*8*4*","1","4",14,3,0,5,18910,52119,15817,15802,2,1,45051,0,0,763,224,0,1667,1081,0,0,0,0,0,0,2,3,0,0,0
"201809","2*2*5*","2","5",8,31,2,4,,28000,12161,5424,1,2,12342,143578,7329,981,80,55,836,332,0,0,0,7,0,0,0,0,0,3,0
"201812","2*3*9","1","7",9,15,0,10,47960,22000,24486,8860,5,0,14997,145951,1736,1620,383,278,937,713,0,0,0,4,0,0,0,0,0,1,0
"201903","3*5*6*","1","7",10,5,0,2,,28576,18441,5460,0,2,0,124052,1682,3391,508,32,896,1609,0,0,0,0,0,0,0,0,0,0,0
"201806","2*2*1*","2","3",7,7,0,12,23773,42189,10421,3651,1,4,17376,0,1278,6020,771,0,1022,2600,0,0,0,0,0,0,0,0,0,0,0
"201906","2*7*8*","2","4",10,9,0,6,,26996,12659,6560,2,4,41494,94310,2255,501,95,0,521,998,0,0,0,34,0,0,0,4,0,0,0
"201903","1*3*5","2","7",14,16,0,0,25205,55008,17507,6851,4,1,31701,41410,2649,4404,53,0,0,837,0,5,1,4,0,0,1,0,1,0,1
"201809","1*1*0","1","7",6,3,2,10,26345,21875,29850,1367,2,0,10437,0,2890,1404,1900,49,319,460,0,0,0,3,0,0,0,0,0,0,0
"201906","1*0*6","2","3",23,14,2,4,,24652,11154,0,1,3,2458,55330,1057,2657,724,59,42,425,0,38,0,0,0,0,0,0,1,0,0
"201906","1*6*6","1","3",10,6,2,5,,23030,31555,4919,2,1,17181,73468,5265,410,143,0,575,85,0,15,1,9,0,0,0,0,0,0,0
"201812","2*7*8*","2","3",13,24,3,7,,30714,11036,992,3,0,34768,110327,1405,1296,0,811,1503,28,0,28,1,6,0,0,1,0,0,0,0
"201806","4*8*5*","1","5",12,3,0,5,,42744,13302,17475,0,1,17018,0,2831,2999,46,0,1077,1143,0,37,0,3,0,0,0,0,0,0,0
"201903","2*6*0*","2","4",7,4,1,2,30050,29391,13032,18354,6,1,35326,120800,3555,4985,1112,33,793,483,0,0,0,8,0,0,0,0,0,0,0
"201803","2*8*7*","1","2",10,1,0,5,34060,25800,13872,8090,3,0,39700,0,5032,657,0,108,655,1071,0,8,1,1,0,0,0,1,0,0,0
"201812","1*6*0","2","3",15,6,1,6,46274,28757,17364,3812,2,1,16123,0,1696,1321,1555,0,1191,1716,0,0,0,0,0,0,0,0,1,2,0
"201806","3*8*0*","1","3",11,2,5,6,119960,40831,16691,6500,7,1,42866,180000,4231,222,977,0,513,2314,0,18,0,2,0,0,0,0,0,2,0
"201809","2*1*3*","2","3",24,11,0,20,62107,14714,8022,13961,3,0,14789,148286,394,503,576,305,288,996,0,0,0,4,1,0,0,0,0,1,0
"201812","1*1*3","2","2",7,7,3,6,,51752,12312,2889,3,2,9096,650000,1500,21762,708,12,585,425,0,42,0,2,0,0,2,0,0,0,0
"201903","4*1*6*","1","7",16,8,8,6,145690,26610,14104,2215,3,0,4479,135612,5699,1852,693,71,333,1042,0,72,0,0,0,0,1,0,0,0,0
"201809","9*6*1","1","6",33,6,2,5,17740,24095,14885,7051,1,0,11896,0,1171,1638,127,0,411,461,0,0,0,0,0,0,1,0,4,6,0
"201812","4*9*2*","2","5",9,31,3,6,63173,26726,11357,2441,4,1,0,98377,2497,2618,1417,21,775,327,0,0,0,0,0,0,0,0,3,2,0
"201806","2*4*6*","2","7",15,1,3,9,40423,23588,10641,7692,0,1,28762,122715,1132,4303,0,64,892,217,0,10,0,4,0,0,0,0,0,0,0
"201809","1*1*5","1","5",8,4,1,5,16290,19228,11078,5987,4,9,0,0,3245,2241,457,0,2209,1384,0,0,1,0,0,0,0,0,1,5,0
"201812","3*5*4*","2","5",9,16,0,11,31860,23241,22516,12476,1,0,32850,0,2974,4067,164,0,482,280,0,22,0,0,0,0,0,1,0,0,0
"201803","8*0*","2","6",8,13,0,2,30190,23295,12411,5082,3,1,42934,30000,4394,2010,1389,359,15,111,0,0,1,0,0,0,0,0,0,0,0
"201803","3*8*9*","2","4",16,6,1,2,,35098,17327,10526,1,1,4033,0,2321,2055,571,0,429,1272,0,74,2,0,0,0,0,0,0,0,0
"201903","2*6*4","2","2",9,1,0,10,,247606,14691,7637,3,1,0,0,733,1931,584,0,66,79,0,0,1,0,0,0,0,0,0,1,0
"201806","3*5*6*","1","4",7,4,0,1,38090,13308,23502,14199,1,0,0,0,1453,1601,341,27,1476,273,0,6,0,0,0,0,1,0,0,0,0
"201806","1*7*3","1","7",17,5,0,3,,21667,5052,13533,0,0,14003,0,1060,602,355,4,1324,1103,0,0,0,10,0,0,0,1,0,0,0
"201812","2*1*0*","2","5",32,3,2,10,,29493,10229,24728,7,5,39108,86066,2604,4233,298,3,1349,399,0,0,0,1,0,0,0,0,0,0,0
"201803","3*6*8","2","5",7,11,0,7,35270,23305,18208,8162,2,0,0,58000,1663,2316,488,0,1174,1737,0,0,0,1,0,0,0,2,0,1,0
"201903","1*2*6","2","5",15,10,0,8,22480,30804,10134,3722,1,2,34816,88677,680,1040,1359,0,1876,304,0,0,0,0,0,0,1,0,1,0,0
"201803","2*4*9*","1","5",13,3,2,6,,54327,8252,9738,8,1,0,144600,2085,886,188,0,0,122,0,0,1,2,0,0,0,0,5,4,0
"201809","2*6*8*","1","3",8,6,1,4,,44343,16576,8322,4,0,14460,0,1771,4618,44,1735,1236,933,0,0,0,3,0,0,0,0,0,0,0
"201903","2*6*0*","2","6",9,10,3,1,13900,28000,16068,9623,7,0,93114,146000,0,1966,419,13,422,258,0,17,0,6,0,0,0,0,0,0,0
"201809","2*7*5*","1","1",7,4,1,1,31300,34333,9125,10504,6,4,11136,0,1228,354,647,6,3250,1432,0,3,0,2,0,0,0,0,0,1,0
"201906","3*4*9*","2","5",58,5,1,22,44021,13714,11147,11128,0,2,5839,14925,1156,604,672,169,1438,677,0,14,0,1,0,0,0,1,2,0,2
"201809","1*1*0*","2","7",12,2,1,9,24090,18378,13526,1734,0,1,18752,93888,0,1935,348,0,177,41,0,0,1,0,0,0,0,0,1,1,0
"201906","2*1*9*","1","6",12,4,1,3,53453,47696,16914,10238,0,1,16736,0,9508,1076,393,0,301,2045,0,0,1,0,0,0,0,0,0,0,0
"201803","1*5*2","2","3",11,5,0,9,,23208,10711,14141,1,1,46763,131350,372,12403,924,66,861,601,0,0,1,1,0,0,0,0,0,0,0
"201809","3*4*9*","1","2",6,5,0,1,51350,38012,9330,0,0,0,8242,0,4254,1876,228,217,528,2628,0,0,0,0,0,0,0,0,0,0,0
"201903","4*4*6*","1","7",9,19,0,11,22163,36038,11161,1383,4,2,11601,280024,3991,11501,1421,11,802,913,0,0,0,0,0,0,0,0,0,1,0
"201809","1*5*3","2","3",7,2,0,7,27477,32713,19253,16458,2,1,28710,245570,4194,0,477,27,380,520,0,2,1,0,0,0,0,1,0,0,0
"201809","3*8*4*","1","4",8,5,0,1,20400,37200,17337,18759,0,0,11231,154762,1364,1677,397,135,2140,1073,0,0,1,0,0,0,0,0,1,0,0
"201903","2*1*7*","2","4",9,2,2,5,55470,30638,10074,7680,1,1,58908,0,1058,1325,554,2001,1539,33,0,0,4,3,1,0,0,0,1,0,0
"201906","1*6*7","1","5",19,2,1,5,22400,35039,14678,6080,0,1,0,114670,2432,1594,380,0,293,121,0,1,0,8,0,0,0,1,1,4,0
"201803","2*1*1*","2","7",27,4,1,13,120043,14231,20395,7485,2,1,7687,36300,3107,707,308,74,409,21,0,0,1,1,0,0,0,0,0,0,0
"201806","4*3*0*","2","5",6,0,2,6,35200,31170,13002,26028,9,0,6767,0,5789,0,298,0,684,561,0,0,0,0,0,0,1,1,0,0,0
"201906","4*6*8*","1","4",37,12,0,3,42000,35000,8173,2280,1,0,9872,0,4119,677,1300,6,357,279,0,0,1,1,0,0,0,0,0,0,1
"201809","3*0*5*","2","6",26,23,2,5,,23000,32851,15596,6,1,32347,50000,2170,1745,0,0,238,242,0,23,0,11,0,0,0,1,0,0,0
"201803","3*4*7*","1","2",10,8,9,0,35680,28777,19692,3283,6,1,0,312285,6489,3602,892,81,1176,957,0,216,0,0,0,0,0,0,0,1,0
"201906","2*3*5*","2","7",10,4,0,3,78281,27143,14926,24834,1,0,18291,0,2034,1149,788,8,769,2119,0,0,0,1,0,0,0,0,1,2,0
"201906","2*8*5*","2","3",14,1,1,21,,36373,15458,5834,7,0,12679,0,3009,1474,618,3,415,302,0,0,1,3,0,0,0,0,0,0,0
"201809","2*1*2*","2","7",7,14,0,9,42615,19500,11975,1683,2,0,28960,76005,2065,2276,442,0,299,301,0,11,1,0,0,0,0,0,0,0,0
"201806","2*2*7*","2","6",8,9,1,9,63480,38998,5976,10496,1,0,31455,95000,5218,3558,814,0,1041,163,0,0,0,2,0,0,0,0,0,1,0
"201812","2*6*3*","1","2",39,3,3,10,30873,45437,6583,3060,2,3,14830,0,6613,5587,630,16,513,0,0,0,0,0,0,0,0,0,0,0,0
"201803","2*0*3*","1","4",39,7,4,13,30800,26676,14424,4084,1,3,0,0,5901,2957,876,5,691,1,0,84,1,6,0,0,0,0,0,0,0
"201809","2*8*9","2","2",12,14,0,4,23195,45756,10956,2000,2,2,10963,106083,1167,1274,328,7,417,636,0,0,1,0,0,0,0,0,0,2,0
"201806","2*2*8*","2","4",6,8,3,6,,35160,17757,15185,3,1,0,222205,6010,896,216,79,269,266,0,0,1,15,0,0,0,0,1,0,0
"201806","2*4*7","1","2",6,22,0,5,,27250,10047,23845,4,0,55407,18763,2134,4090,293,0,1099,0,0,0,0,0,0,0,0,0,0,1,0
"201806","2*7*9*","2","3",72,6,0,4,24050,44181,19466,13059,1,2,0,0,0,4654,518,0,0,22,0,31,0,0,1,0,0,1,0,1,0
"201812","1*0*8*","2","2",13,2,2,9,35329,18583,13972,0,8,1,20678,0,398,2303,33,189,6,680,0,13,0,0,1,0,0,0,0,4,0
"201809","4*2*2*","1","1",15,6,0,12,45190,37405,23853,9554,0,6,16215,151423,4290,882,608,24,1242,1259,0,0,0,7,1,0,1,2,2,1,0
"201806","1*4*3*","1","4",14,7,5,2,,19250,14687,4698,1,2,24652,0,2548,1187,0,4,705,263,0,16,0,0,0,0,1,0,0,1,0
"201806","2*1*1*","2","4",6,1,0,3,,21837,18314,3296,2,1,61739,147721,5316,1431,0,10,559,912,0,0,1,0,0,0,0,0,0,0,0
"201812","1*4*4","2","7",10,11,1,4,30583,34166,22195799,6848,0,5,16057,268600,13371,1477,1542,33,62,889,0,0,0,1,0,0,0,1,0,0,0
"201809","4*7*5*","1","3",26,3,0,8,52332,21056,20570,1595,0,0,126012,0,998,44,578,0,248,701,0,0,0,0,0,0,0,0,1,0,1
"201806","2*1*5*","1","5",10,7,3,2,15600,23365,26325,0,0,3,0,0,3006,834,0,0,453,1011,0,0,0,2,0,0,0,0,0,0,0
"201906","2*0*3","2","6",9,4,1,5,,29486,18297,21524,1,5,7004,0,739,2609,417,20,548,402,0,238,0,6,0,0,0,0,0,4,0
"201812","3*2*3*","1","3",10,14,4,1,14880,13143,14392,0,2,1,1000,0,768,2548,266,56,513,992,0,0,0,0,0,0,0,0,0,0,0
"201903","3*3*7*","1","1",10,7,0,5,59305,18308,13912,5771,1,2,46667,335008,1215,2287,561,255,285,109,0,0,0,0,1,0,0,0,0,0,0
"201903","2*4*7*","2","7",8,31,4,5,82168,34838,38760,0,22,0,24101,0,5290,0,1143,156,1764,329,0,0,0,0,0,0,0,0,0,0,0
"201806","8*0*","1","2",19,5,1,4,79200,15111,20834,15905,1,0,9231,831883,18877,8441,732,92,361,457,0,0,1,0,0,0,1,0,3,2,0
"201903","2*9*2","1","5",11,3,0,4,,23559,19543,5043,1,0,0,311738,775,3149,1057,0,25,413,0,0,0,0,0,0,0,0,2,2,0
"201806","2*4*7*","2","6",13,21,5,8,,34500,7053,7602,3,2,29780,208080,2057,544,1195,213,105,376,0,0,0,2,1,0,0,0,2,1,0
"201809","2*6*0*","2","4",15,8,2,6,37980,21476,23010,12453,2,3,0,365000,1652,768,1110,31,375,1205,0,0,0,0,0,0,1,0,1,0,0
"201809","2*4*5*","1","7",26,18,0,7,63940,57500,13664,9725,1,4,79389,0,681,3698,77,0,484,869,0,0,2,0,0,0,1,1,0,0,0
"201906","2*1*9*","2","4",11,6,7,4,26000,60350,11928,0,9,2,30224,166500,822,7987,1650,0,1857,378,0,1,0,3,0,0,0,0,0,1,0
"201806","2*1*1*","2","4",21,4,0,4,35020,18000,19277,12316,3,1,4037,81547,4437,1356,0,135,0,81,0,0,0,0,0,0,0,1,0,5,0
"201803","3*1*6*","2","3",8,1,1,3,,18875,11628,10154,0,2,0,108224,1106,4079,1708,0,681,1055,0,0,1,0,0,0,0,1,0,0,0
"201809","1*4*7*","1","2",9,6,1,12,38073,58808,23357,31641,0,0,0,27700,1269,3838,779,54,1112,1228,0,36,1,2,0,0,0,0,1,2,0
"201812","2*9*8","1","6",6,6,1,3,20035,48879,12737,13387,2,6,16678,378000,2713,1275,903,0,508,389,0,0,0,7,0,0,0,4,0,0,0
"201806","2*0*0*","2","5",16,8,2,7,,29875,29364,8516,2,0,0,153857,1655,2451,430,147,906,279,0,6,0,3,0,0,0,0,2,4,0
"201803","4*1*9*","1","2",14,9,2,7,22810,24861,20611,8812,4,1,30837,0,5745,1885,1366,4,600,79,0,0,0,0,0,0,0,0,2,1,0
"201812","2*8*6*","2","4",6,1,0,7,,31592,19436,17393,8,1,21383,0,4089,106,2391,615,384,1566,0,3,0,0,0,0,0,0,0,0,0
"201803","2*0*1*","2","4",23,5,0,5,,21923,9619,1144,4,1,12480,0,1591,1461,623,218,31,1506,0,0,0,1,1,0,0,0,0,0,0
"201906","3*0*1*","2","5",8,15,0,9,69200,35529,14934,1217,1,4,5767,0,2407,3544,409,0,193,31,0,7,1,8,0,0,0,0,0,0,0
"201803","5*1*4","1","2",15,0,3,5,,29778,12461,16021,2,0,40521,0,5613,2926,114,75,492,711,0,1,1,6,0,0,0,0,0,1,3
"201806","1*8*3","1","4",25,0,3,2,,23667,21858,0,7,0,8641,40892,4250,3057,1536,312,112,1556,0,0,1,1,0,0,0,0,0,0,0
"201809","1*4*1*","2","5",7,8,2,9,73748,44792,11514,7275,4,2,3350,0,0,1460,268,35,531,166,0,0,0,2,2,0,0,0,0,1,0
"201812","2*8*2","1","6",7,7,3,3,,24556,24254,14815,6,5,0,72080,3297,899,226,42,1405,488,0,0,1,2,0,0,0,0,0,0,1
"201809","2*9*7","1","6",7,8,0,2,,36603,6541,3579,1,5,11626,52241,254,2852,236,0,221,893,0,9,1,0,0,0,0,0,0,2,0
"201809","2*0*8*","2","4",19,5,0,8,105313,21259,12547,1044,5,0,5132,0,5859,1779,123,32,169,852,0,0,0,2,0,0,0,0,1,1,0
"201812","1*7*1*","2","5",11,2,2,15,38048,27125,52478,4443,3,6,18166,127095,2543,3014,184,44,647,0,0,0,1,0,1,0,0,0,1,0,0
"201906","2*4*3*","2","4",17,4,5,4,31940,57263,13602,7479,1,2,315,126687,915,0,277,22,804,722,0,0,1,0,0,0,0,1,0,0,0
"201906","4*7*0*","2","6",8,0,0,11,,20530,14383,3243,0,0,16487,10000,10313,1365,247,4,758,18,0,4,1,0,0,0,0,0,1,2,0
"201812","1*4*4*","2","4",22,2,0,6,,55870,16451,20149,0,0,50849,194418,1990,4874,1076,57,903,166,0,0,0,0,0,0,0,0,0,0,0
"201903","2*7*8*","2","4",47,8,2,1,,26143,16874,1100,3,2,11132,0,2294,7742,59,152,29015,34,0,1,1,5,0,0,0,0,0,1,0
"201906","2*7*3*","2","5",14,6,0,1,45363,31552,26408,6239,0,0,0,0,4452,5604,70,39,1265,0,0,0,0,3,0,0,1,0,0,0,0
"201812","2*3*2*","1","2",6,8,0,5,32930,84534,14518,3648,1,1,0,80695,2678,207,0,81,12,617,0,0,0,0,0,0,0,1,3,1,0
"201812","1*6*3*","1","5",7,1,0,9,,29009,11268,5921,3,1,6189,61976,2844,971,591,107,35,478,0,0,1,3,0,0,0,1,3,0,0
"201809","1*3*9","1","5",9,3,0,3,,21011,16207,14373,0,0,9790,60000,1979,2650,2755,0,1189,22,0,42,0,2,0,0,0,0,0,1,1
"201812","2*2*6*","2","4",21,6,0,5,17993,22778,18867,8323,5,1,0,133702,5411,1403,387,0,358,501,0,0,0,0,0,0,1,0,0,2,0
"201906","2*7*8","1","6",9,13,2,5,28670,32339,18991,11863,4,0,0,258245,14257,1099,3346,0,2180,1767,0,0,0,9,0,0,0,0,0,1,0
"201803","2*9*5*","2","5",9,6,3,7,37800,45439,15678,6680,4,2,1600,136523,337,2124,142,5,943,495,0,9,1,5,0,0,0,0,0,3,1
"201903","2*0*6*","2","6",7,8,1,4,42810,28554,11911,3893,4,1,9089,80680,476,3442,1356,66,1809,1358,0,23,0,4,0,0,0,0,0,1,0
"201906","3*3*5*","1","6",17,3,0,4,20170,26395,14889,4948,0,0,16946,0,1998,605,116,105,600,26,0,0,0,1,0,0,0,0,0,0,0
"201809","1*9*1","2","7",44,16,7,8,105537,23369,10826,5603,1,0,30000,0,3544,0,831,0,248,194,0,4,0,0,0,0,0,0,0,0,1
"201803","2*2*3*","1","2",6,4,0,7,,26800,12170,12034,2,0,31924,0,3452,7927,859,0,1169,364,0,0,1,0,0,0,0,2,1,0,0
"201806","7*","1","5",12,4,1,2,40980,33684,14044,7802,3,11,13192,60673,2214,1947,88,0,1209,3,0,34,0,1,0,0,0,0,0,0,1
"201906","2*9*6*","2","5",7,3,1,15,,40043,18445,0,6,2,15064,0,2688,2978,693,229,1162,498,0,56,0,1,0,0,0,0,0,0,0
"201812","2*7*0*","1","2",6,6,6,26,87835,23304,13443,15092,12,0,53000,68949,3779,2894,427,11,442,494,0,22,0,0,0,0,1,0,0,0,0
"201803","3*9*8*","1","4",21,3,2,8,27450,29226,10014,7043,6,0,18915,0,2896,1085,726,44,342,14,0,0,1,1,0,0,0,0,0,1,0
"201906","1*7*6*","2","6",15,6,1,9,,25979,18393,4097,6,0,0,79800,1178,756,361,0,1688,1500,0,26,0,1,0,0,0,2,1,1,0
"201906","1*3*1*","1","4",10,17,0,2,75265,43414,18602,13354,6,2,0,108200,980,2320,1049,62,175,1385,0,3,0,4,0,0,0,0,0,1,0
"201806","4*9*6*","2","6",6,4,0,7,,17706,11686,6108,2,1,0,0,2265,954,837,62,1216,764,0,0,0,6,0,0,0,0,0,1,0
"201906","2*3*9*","2","4",23,5,0,10,,32538,16794,10597,2,0,29256,289936,2715,381,16,49,425,640,0,0,1,0,0,0,0,0,2,0,0
"201906","4*3*7*","1","3",22,1,0,8,43813,29014,14504,2734,0,5,5746,0,429,172,690,6,489,795,0,0,0,1,0,0,0,0,0,0,0
"201806","2*0*6*","1","4",9,6,0,4,,24829,20431,49215,0,1,17408,8803,3401,1742,165,0,215,459,0,0,0,3,0,0,0,0,0,0,0
"201803","1*1*8","2","7",29,4,6,8,,31911,12412,1093,7,0,0,82225,4420,1602,260,0,1294,21,0,0,0,0,0,0,0,0,0,2,0
"201809","1*6*6*","1","2",7,7,2,2,,82160,25584,15143,5,0,14900,89136,858,3005,458,20,633,985,0,18,1,0,0,0,0,0,0,0,1
"201903","1*3*6","2","5",20,11,0,18,,23808,26702,1993,2,1,8859,189157,2564,940,354,24,558,1484,0,0,0,0,0,0,0,0,2,0,0
"201903","2*3*3*","1","2",12,2,3,7,28980,20714,18472,3954,3,1,0,27576,3745,2047,954,2,426,1653,0,0,1,1,1,0,0,0,0,2,0
"201809","1*2*2","2","4",12,3,0,2,50000,28417,11802,13074,0,4,22954,0,2609,2422,125,1447,499,0,0,0,1,1,1,0,0,0,0,0,0
"201806","2*7*5","1","5",13,4,0,5,,29596,13334,6047,5,3,19004,0,3020,4234,63,60,988,1626,0,25,0,5,1,0,0,0,1,1,0
"201803","3*3*6*","1","7",10,3,0,10,36544,23556,35302,30453,3,1,55779,0,3877,582,248,218,1175,105,0,0,0,0,1,0,0,0,0,0,0
"201812","2*7*1","1","4",19,2,2,3,,21429,16763,5417,3,1,3766,0,5170,487,522,86,959,896,0,0,1,0,0,0,0,1,0,0,0
"201803","2*7*9","1","6",9,4,5,8,,17250,10164,5992,11,0,0,0,1466,657,47,119,153,1480,0,0,1,1,0,0,0,0,0,0,0
"201812","1*2*6*","2","5",13,10,0,11,62043,13100,10791,16019,0,1,0,0,1698,725,4487,73,780,573,0,0,0,10,0,0,0,0,1,0,0
"201806","4*8*","1","6",40,14,0,5,38045,32000,15415,15332,1,4,652,149052,1130,1813,965,0,354,139,0,0,0,0,0,0,0,0,1,2,1
"201903","3*7*7*","2","6",7,0,2,8,,16571,17641,6851,4,6,21146,70933,1317,3912,1203,0,532,598,0,0,1,1,0,0,0,0,0,0,0
"201806","4*0*1*","2","2",14,4,3,4,59200,23667,22235,4762,1,1,14548,225574,5028,5140,208,79,239,308,0,0,0,0,0,0,0,0,0,0,1
"201809","2*9*4*","1","6",8,0,0,5,,22570,7790,4274,1,0,36122,0,2173,0,548,0,2185,333,0,0,0,4,0,0,0,0,0,0,0
"201806","3*1*7*","1","4",46,4,1,4,66262,24667,12551,5207,5,0,9966,0,1475,4626,1315,92,2176,209,0,0,0,0,0,0,0,0,1,3,0
"201903","1*9*6","1","3",11,3,2,4,38745,29160,11728,1052,1,3,0,0,10077,1291,277,87,803,137,0,0,1,5,0,0,0,0,0,0,0
"201903","2*8*4*","2","3",7,17,0,1,,20545,10199,5838,0,5,29614,14050,2431,1189,646,8,1049,35,0,0,1,0,0,0,0,0,1,0,0
"201903","2*1*9*","2","4",22,2,4,4,25130,30000,13246,11230,2,0,3301,435171,2350,454,304,15,118,976,0,0,1,0,0,0,0,1,0,1,0
"201809","1*8*3*","1","2",12,0,1,11,72755,19682,97032,4769,4,0,18553,0,593,13,95,10,1016,1670,0,0,0,0,0,0,0,0,0,1,0
"201806","3*8*5*","2","7",10,13,3,5,69203,36857,27529,9032,2,0,22379,144031,3292,444,695,27,636,751,0,0,0,2,0,1,0,1,0,0,0
"201906","2*5*3*","1","5",15,5,1,6,30000,26002,10378,5673,1,1,574,1550000,6686,1949,933,364,1742,2886,0,0,0,0,0,0,0,1,0,0,0
"201812","2*4*2*","2","4",9,3,2,6,34545,21375,18514,19373,0,3,4444,48716,7757,3601,174,50,987,7,0,0,1,2,0,0,0,0,1,0,0
"201906","2*5*6*","2","4",8,5,7,4,,19400,14145,18734,1,6,0,0,988,919,0,76,165,622,0,0,0,0,0,0,4,0,0,1,0
"201903","5*2*9*","1","5",15,2,0,3,23365,20571,7434,8218,0,0,0,0,5485,2058,0,196,19,1921,0,0,0,0,0,0,0,0,0,2,0
"201903","1*3*1*","2","4",16,4,1,5,26047,22789,14852,12818,6,6,2,465434,2409,1935,270,205,656,152,0,60,0,2,1,0,0,1,0,0,0
"201812","2*7*7*","2","5",34,10,3,4,39355,27479,9147,3544,2,2,13041,0,1677,5212,118,9,25,687,0,0,0,6,0,0,0,0,2,1,0
"201903","1*2*8","2","7",15,17,1,4,47563,26137,22290,8659,6,0,18997,0,305,4855,247,57,341,48,0,30,1,0,0,0,0,1,0,0,0
"201803","2*2*2","2","2",27,16,1,3,18000,42259,72566,8563,7,1,5672,79888,2864,1195,0,80,167,327,0,0,1,0,0,0,0,0,1,0,1
"201903","2*9*2*","1","4",20,4,0,6,50500,19702,11247,19688,1,2,12296,59028,1799,552,170,20,0,302,0,27,0,2,0,0,0,0,0,0,0
"201906","2*3*1*","1","3",23,14,0,6,,60415,10396,35460,0,0,15991,0,3142,2181,1076,33,324,534,0,5,0,4,0,0,0,0,0,0,0
"201906","4*3*8*","1","3",9,3,0,5,63671,18483,19043,5717,5,2,17794,0,247,1084,1395,0,392,789,0,0,2,0,0,0,0,0,0,1,0
"201903","1*9*7*","2","4",25,7,0,3,,33818,15058,9559,6,1,20215,0,925,3795,1899,130,66,579,0,0,1,6,0,0,0,0,0,0,0
"201903","2*2*3*","2","4",10,7,2,4,,57391,16939,14141,0,0,6666,266915,1158,2507,297,74,256,634,0,0,0,4,0,0,0,0,0,1,1
"201803","2*0*1*","2","6",19,1,1,5,59060,47028,18915,26972,5,2,0,134108,4140,768,149,62,1329,1358,0,79,0,0,0,0,0,0,0,0,0
"201812","1*8*7*","1","5",14,11,1,4,37540,13250,14058,4957,14,0,0,0,4173,3583,1403,0,566,212,0,0,0,0,0,0,0,0,0,0,0
"201809","1*0*5","1","5",13,9,1,3,43140,68727,10092,2317,1,0,56582,0,0,3259,289,133,356,406,0,0,1,4,0,0,0,0,0,4,0
"201803","2*1*0*","2","7",9,6,1,7,24857,104297,19673,2000,2,0,14161,0,0,6370,520,136,1086,772,0,0,0,0,0,0,0,0,0,0,1
"201809","1*4*4","2","5",17,4,1,7,22217,25479,20265,3184,4,3,30887,87636,2930,5241,808,41,979,320,0,0,0,0,0,0,0,1,0,1,0
"201906","2*1*3*","1","2",17,3,2,8,34115,22000,12000,8061,5,2,8000,0,998,1075,1148,466,2365,422,0,5,0,2,0,0,0,0,0,0,0
"201903","2*9*9*","1","3",9,9,10,2,25370,53485,16615,2123,3,2,57130,142182,10723,3205,50,200,201,1279,0,24,0,2,0,0,0,0,0,0,0
"201806","2*7*9*","1","4",16,11,0,6,37318,22545,7924,13396,2,1,10219,90181,1181,5622,7,0,993,1332,0,0,0,3,1,0,0,1,0,2,1
"201803","2*7*6*","2","5",11,11,1,1,,23529,312669,1454,0,0,7434,0,3412,1180,188,25,471,1018,0,5,0,0,0,0,0,0,1,3,0
"201809","2*9*7*","2","6",30,8,1,3,41650,22900,15663,1714,2,1,19382,0,0,2329,0,0,225,1776,0,0,0,5,0,0,0,3,0,0,0
"201806","2*2*7*","2","2",20,6,0,14,18250,34091,14652,5871,3,2,11775,0,4003,2584,0,148,2117,867,0,0,0,3,0,0,0,0,0,1,0
"201809","2*5*2","2","1",10,2,1,3,45078,34566,13646,10594,2,1,11264,0,1413,1395,154,5,473,493,0,11,0,0,0,0,0,0,2,0,0
"201906","3*0*9","1","2",31,15,0,1,80320,23194,15381,3857,10,3,21917,0,4749,1190,2402,111,242,367,0,12,1,0,0,0,0,0,0,0,0
"201812","4*0*2*","2","7",10,6,1,25,,26077,25238,1480,2,0,70064,0,2635,1811,519,0,1015,2320,0,22,0,0,0,0,0,1,0,0,0
"201906","2*0*9*","2","4",6,5,3,2,50790,19916,19102,2372,5,2,67247,215000,7283,0,153,19,738,1187,0,49,0,3,0,0,0,0,0,0,0
"201803","4*0*9","1","5",32,2,0,9,21763,25273,28734,2783,3,5,13931,199644,3240,7431,157,67,839,1517,0,0,0,1,0,0,0,0,0,6,0
"201806","5*1*9*","1","3",10,11,3,3,26560,32882,15505,1303,1,0,21985,0,1708,2076,249,433,658,654,0,13,0,2,0,0,0,1,1,1,0
"201803","3*3*3*","2","7",8,5,0,2,43680,23263,12993,16331,3,0,0,0,2505,1489,82,21,431,49,0,8,0,0,0,0,0,0,0,0,1
"201809","1*6*5","1","3",8,3,1,4,35000,28891,16239,8116,10,3,9283,156238,981,5919,0,751,756,2551,0,0,0,6,0,1,0,1,1,0,2
"201812","2*3*1*","1","6",30,12,3,0,,64620,20550,19556,3,4,0,240502,2476,2874,993,159,359,877,0,0,0,1,0,0,0,0,0,0,0
"201903","1*2*0*","1","5",15,15,1,3,43250,99646,47034,1585,0,0,68919,104318,540,2263,416,72,1009,1203,0,0,0,1,0,0,0,0,0,0,0
"201806","2*7*5*","1","2",17,10,0,10,,38188,14167,23086,1,2,8752,233968,4919,1935,0,95,636,43,0,16,1,1,0,0,0,0,1,1,0
"201803","4*4*4*","1","5",6,2,2,2,54730,29906,31590,3884,9,1,0,0,1884,1129,180,9,495,799,0,70,1,0,0,0,0,1,0,0,1
"201812","1*3*9*","1","6",14,3,0,3,13930,30700,15510,6270,5,0,3504,0,4419,124,627,0,0,1120,0,0,0,0,1,1,0,0,0,0,0
"201809","2*8*7*","1","6",11,5,0,17,27320,23647,20523,10725,0,1,12862,0,2274,581,308,3,105,1015,0,0,0,0,0,0,0,0,0,0,0
"201809","1*4*0","1","4",6,1,1,6,,23743,19704,0,11,0,29886,19100,5169,4469,988,0,117,196,0,48,0,0,0,0,0,0,0,1,0
"201812","1*6*7","2","2",8,1,6,2,,29789,10569,15174,12,5,10321,100000,54056,3345,43,17,926,913,0,53,0,0,0,0,1,0,0,0,0
"201803","1*1*5*","2","5",10,9,2,184,,30419,17764,37049,0,1,20000,108680,4864,0,914,197,223,627,0,0,0,5,0,0,0,1,0,0,0
"201903","3*3*5*","2","3",12,3,0,9,,26317,19075,9424,4,5,0,500389,506,7591,1167,0,1478,23,0,0,0,0,0,0,0,0,1,3,0
"201809","2*7*1*","2","4",42,5,0,9,,28419,21321,7127,1,9,0,0,0,8257,271,0,730,895,0,0,0,0,1,0,0,0,0,0,0
"201803","2*8*3*","1","2",21,2,1,5,,25644,11113,23876,2,1,25603,132853,3158,586,0,0,0,0,0,0,0,0,0,0,0,0,0,2,0
"201903","3*3*3*","2","4",12,4,1,4,,13000,27275,3162,1,1,79634,67148,5131,8990,9,36,228,135,0,27,0,0,0,0,0,0,0,0,0
"201809","2*1*7*","1","6",24,7,1,9,,28114,12070,7095,1,0,32408,220750,387,367,461,628,180,240,0,6,1,0,0,0,0,0,0,2,1
"201903","2*6*4*","1","5",12,2,0,2,15830,22286,24142,0,3,1,14439,208773,14751,1543,1497,9,915,6127,0,0,0,2,0,0,0,5,0,0,0
"201806","5*9*1","2","5",15,8,7,18,14680,117191,19478,25186,3,2,0,149790,2113,1871,121,0,588,121,0,1,1,0,0,0,1,0,0,0,2
"201812","2*9*1","1","6",10,2,0,4,31909,30553,10260,3413,4,2,9120,36817,2825,3857,979,0,1159,12980,0,0,0,3,0,0,0,0,0,2,1
"201812","2*5*6*","1","5",8,0,3,5,83975,27082,17703,11445,1,3,0,155214,1208,170,0,385,770,588,0,0,0,5,0,0,0,0,0,1,0
"201906","1*3*6","1","6",7,13,1,4,,19875,18694,7111,0,3,14519,31003,3386,1003,304,18,1070,735,0,0,0,0,0,0,0,0,0,0,0
"201812","1*9*7*","1","5",6,6,0,0,43120,43183,15552,21420,4,0,0,0,778,12543,846,0,1375,592,0,8,0,3,0,0,0,0,0,0,0
"201906","2*6*0","2","7",15,3,1,8,,25495,22948,11324,2,0,20310,0,1027,3353,4179,0,104,856,0,109,1,1,0,0,0,0,1,1,1
"201803","1*1*2","2","4",24,4,2,6,,20857,34431,7619,4,0,10940,248433,3281,3780,3616,191,546,534,0,0,0,0,0,0,0,0,0,1,0
"201806","4*1*9*","2","5",8,5,15,4,74392,21167,25487,6119,2,5,0,153333,1876,602,219,0,547,555,0,23,1,0,1,1,0,0,0,1,0
"201809","2*9*7*","1","2",15,6,0,4,15250,32384,14042,3044,2,0,0,0,2200,921,854,5,266,148,0,0,0,6,2,0,0,0,1,2,0
"201903","1*3*4*","2","4",24,15,0,5,,32050,10971,11720,3,3,0,134200,3324,1058,28,0,1104,1211,0,20,1,0,0,1,0,1,2,3,0
"201906","4*5*1*","2","2",33,2,0,1,,111918,26646,0,0,6,0,0,4170,3235,901,0,65,737,0,0,1,2,0,0,0,0,0,1,0
"201803","3*3*6*","2","3",44,7,2,6,,18250,12715,1154,10,0,12801,137992,2455,2050,79,0,1551,945,0,0,0,0,0,0,1,0,0,1,0
"201803","2*7*5","1","2",9,14,4,5,,20582,13617,15056,1,3,6381,217337,13821,4092,1147,86,934,212,0,0,0,0,0,0,1,0,1,0,0
"201809","3*0*6*","2","3",16,5,1,3,,24380,16239,11480,2,2,0,0,2075,3233,2114,308,1992,169,0,1,0,1,0,0,0,0,1,2,0
"201809","5*1*6*","1","7",14,10,3,6,30260,50365,16110,1575,4,0,1298,0,5769,984,2062,21,552,0,0,0,0,7,0,0,0,0,0,0,0
"201806","2*2*6","2","3",14,6,1,9,,26857,18062,7339,1,1,2331,148750,1577,1895,928,376,27,940,0,0,0,2,0,0,0,0,2,0,0
"201806","4*0*4*","1","2",16,8,2,6,26620,35192,8923,13554,2,1,42473,51235,1420,109,840,9,56,182,0,62,0,0,0,0,0,0,0,0,0
"201906","2*9*4","1","3",11,10,1,8,20630,22500,9193,62222,3,1,6000,56152,6065,4410,1919,527,24,814,0,0,1,9,0,0,0,0,0,3,0
"201812","1*0*5","2","2",6,5,1,11,,25690,26206,3754,1,0,17726,0,4193,7113,250,0,0,97,0,0,0,0,0,0,0,0,0,1,0
"201806","1*2*4*","2","2",11,10,0,11,,26727,15246,8882,0,1,57459,131455,2525,358,297,23,271,2060,0,0,0,1,0,0,1,0,0,1,0
"201809","3*4*0*","2","4",33,4,3,0,,47395,18157,4504,2,0,30594,96148,727,1715,262,293,1510,244,0,0,0,0,0,0,0,0,0,0,0
"201903","2*1*8","1","5",7,11,0,7,53903,15231,15117,5551,2,3,10315,0,1619,875,928,0,250,314,0,13,0,0,0,0,0,0,0,2,0
"201906","2*3*7*","1","5",7,17,0,7,22900,44033,27311,10201,6,7,13267,44780,2470,2218,594,1187,950,291,0,0,1,0,0,0,0,0,0,0,0
"201806","3*0*8","1","3",24,14,1,4,40918,47873,16332,4530,3,1,0,81429,2126,2402,999,13,340,955,0,0,0,3,0,0,0,0,0,0,0
"201806","3*2*4*","2","6",13,6,1,9,60895,18876,12998,4477,6,0,17774,0,1763,3524,448,0,111,4414,0,0,0,3,0,1,0,0,1,0,0
"201806","1*2*6*","1","4",7,3,0,19,16595,44429,13045,16944,3,0,23385,32921,1522,2206,114,0,600,1084,0,94,0,6,0,0,0,1,1,0,0
"201806","3*8*1*","1","3",13,6,0,29,41600,16125,13501,6206,3,1,0,0,1366,6822,1450,56,628,305,0,0,0,14,0,0,0,1,0,0,0
"201812","2*5*6*","2","4",22,11,0,17,56090,19733,18934,8827,0,1,60135,0,4616,4251,823,257,106,705,0,0,1,4,0,0,0,0,0,0,0
"201809","1*0*5","1","7",8,3,1,3,,29883,14119,19433,0,0,0,0,2541,599,232,4,1342,817,0,68,0,0,0,0,0,0,0,1,0
"201906","4*1*9*","2","3",8,8,5,6,38710,40935,13896,19870,3,2,6013,129000,1494,3619,111,773,114,147,0,0,1,7,0,1,0,1,3,0,1
"201803","2*7*4","2","4",18,13,0,6,,35667,10581,12647,6,0,59761,64612,2795,1676,4495,0,1197,171,0,0,0,0,0,0,1,0,0,3,0
"201803","3*5*3*","1","3",16,11,4,1,69654,30162,15385,4958,3,3,12714,0,3906,4809,40,179,98,257,0,0,0,3,0,0,0,0,1,1,0
"201903","2*1*8*","2","4",7,4,0,1,11440,26833,17741,41566,0,1,12763,73593,2356,241,606,95,544,1234,0,2,1,0,0,0,0,1,1,0,2
"201806","3*3*1*","1","6",15,8,2,2,34537,38282,19273,12099,3,2,38213,95680,3130,2065,654,0,121,1025,0,0,0,3,0,0,1,0,0,0,0
"201809","2*2*1*","2","2",8,8,4,3,19470,33143,23442,14658,6,0,62079,75278,1030,281,498,71,1752,203,0,0,0,0,0,0,0,0,0,0,0
"201812","2*3*4","2","6",16,16,2,6,43050,26000,10595,5429,7,5,28234,73364,4925,7210,890,0,24,72,0,0,1,0,0,0,0,0,0,0,1
"201803","2*6*4","2","4",9,15,2,11,79427,17125,13578,10161,0,2,0,58643,407,2542,23,0,219,691,0,17,0,2,0,0,0,3,1,0,0
"201806","3*4*7*","2","3",30,14,0,8,19900,28091,13599,29716,0,0,6000,57691,38,2869,73,0,1005,1523,0,0,0,0,0,0,0,0,0,6,0
"201803","2*5*0*","2","2",9,12,0,11,,41965,14821,5074,4,0,2684,0,0,1029,0,6,717,46,0,0,0,1,0,0,0,1,0,0,0
"201903","2*2*3","1","5",11,1,1,5,47728,31718,22119,0,18,0,16339,153214,2715,1665,588,0,1042,651,0,0,0,0,0,0,0,0,1,0,0
"201903","2*2*4*","1","4",39,5,3,1,,34904,16579,12008,0,0,13000,0,5077,12273,1023,393,1463,674,0,0,0,4,0,0,1,1,1,4,0
"201906","1*3*8*","2","2",7,16,3,16,,20364,13820,23898,7,1,7918,0,2641,1900,786,0,1449,411,0,8,0,0,0,0,0,0,0,2,0
"201906","1*4*0*","1","4",74,7,0,6,16310,55093,14038,10282,1,2,0,25361,0,1325,834,47,1513,132,0,13,1,0,0,0,0,1,0,1,0
"201903","2*1*3*","1","6",31,2,1,11,17000,18165,18916,8241,3,0,10973,0,2090,2246,668,399,54,167,0,0,0,1,0,0,1,0,0,0,1
"201903","2*2*8","2","3",8,6,1,8,76740,29956,16260,0,2,5,1714,310490,110,5401,426,75,108,34,0,0,0,0,0,0,0,0,0,1,0
"201809","3*3*8*","1","4",16,11,1,5,28885,18456,15958,10602,6,0,12594,0,1445,0,145,0,88,6,0,0,0,7,0,0,0,0,0,0,0
"201906","1*5*4*","1","7",7,12,0,8,50870,46220,5599,19751,1,6,12560,0,1268,1998,374,3,316,552,0,0,0,0,0,0,0,3,0,1,0
"201906","1*3*6*","2","7",38,0,1,6,,23043,13710,5194,2,3,24268,75348,2441,1020,442,0,1496,296,0,5,0,14,0,0,0,0,0,1,0
"201809","3*8*5","2","4",23,7,1,7,24060,23167,46786,4589,1,0,21076,23475,3682,2900,1759,51,295,949,0,15,0,0,0,0,0,0,0,1,0
"201809","1*1*9","2","5",9,5,7,6,24870,21248,345744,2187,3,0,3364,108385,3124,5857,564,76,245,82,0,2,0,0,0,0,0,1,0,1,0
"201806","2*1*8*","1","5",37,7,6,1,,45609,12242,8807,6,4,50596,0,1959,1059,2309,0,1177,851,0,0,1,1,0,0,0,0,0,2,1
"201806","3*3*1*","2","3",12,10,0,15,33505,36630,11915,16280,5,0,0,0,979,3637,255,0,50,306,0,3,1,1,0,0,0,0,0,2,0
"201812","2*0*6*","1","4",25,6,2,15,,20572,13329,0,2,3,4411,1460000,2454,548,2368,0,24,1853,0,0,0,0,0,0,0,0,0,0,0
"201809","2*6*9*","1","6",11,12,0,6,34765,18656,13964,12960,2,0,62304,179598,1671,0,359,0,699,1561,0,0,0,0,0,0,0,0,0,1,0
"201812","2*4*8*","2","6",24,4,0,9,57695,29003,11300,13339,0,0,38046,73464,2716,1764,594,0,844,128,0,0,0,7,0,0,1,0,2,0,0
"201812","7*3*5","2","4",9,21,0,10,55180,22000,15683,13834,1,0,0,22600,683,2696,681,2,426,1078,0,383,0,1,0,0,0,2,0,2,0
"201812","2*3*9*","1","2",20,18,6,3,30381,25316,18465,5769,3,2,9764,2704,2041,3510,688,0,299,407,0,0,0,2,0,0,0,2,2,0,0
"201812","2*3*7*","2","5",9,2,0,1,,38192,11995,17065,5,0,9093,111578,6654,510,475,229,121,643,0,0,1,8,0,0,0,0,0,0,0
"201809","2*0*3","2","5",9,2,6,5,,29486,34886,9315,0,1,0,0,970,722,232,984,135,170,0,0,1,0,1,0,0,0,0,0,0
"201812","2*0*2","1","6",7,7,2,2,,18611,18939,4561,1,0,1283,0,1697,2043,61,184,1297,299,0,135,0,1,0,0,0,1,0,0,0
"201906","1*2*9*","2","6",29,0,3,2,120356,51900,17204,6493,4,1,52937,40573,9135,1892,354,0,1625,1552,0,0,0,2,0,0,0,0,0,1,0
"201806","4*1*7*","1","3",7,8,0,1,,22667,11867,17579,4,0,2428,173697,2322,181,861,183,357,21,0,0,0,0,0,0,0,0,2,0,0
"201809","2*0*4*","1","5",22,5,6,3,71600,40686,8634,4118,0,5,19709,38331,3887,2620,355,0,955,520,0,2,0,0,0,0,0,1,0,1,0
"201806","4*9*6*","2","3",6,3,2,0,,33073,10242,224,0,0,0,0,0,1922,202,0,142,127,0,0,0,1,0,0,0,0,0,2,0
"201806","2*5*8*","1","2",25,5,1,7,474700,31548,6039,0,3,1,19416,54179,2362,2522,1717,26,164,67,0,0,0,8,0,0,1,0,0,1,0
"201809","2*0*1*","2","3",6,7,0,1,34750,32880,16890,4945,1,3,12043,0,446,1721,608,0,699,1028,0,0,0,0,0,0,0,0,0,0,0
"201809","3*5*7","2","6",8,9,0,6,61588,22667,13950,2590,0,0,13034,221170,6732,216,464,308,580,118,0,0,0,0,0,0,1,1,1,0,1
"201803","2*3*5*","1","4",21,4,0,3,20150,25222,25024,14472,2,0,2881,209595,327,2491,701,177,1506,309,0,0,0,2,0,0,0,0,1,1,0
"201809","2*1*9*","2","5",9,15,1,2,,35711,14563,14279,3,0,16675,0,1840,2835,216,16,264,127,0,0,1,3,1,0,1,0,1,2,0
"201806","2*8*5*","1","7",16,4,0,11,,28455,21855,17770,1,0,0,0,3846,284,1030,0,945,109,0,0,0,6,0,0,1,2,3,1,0
"201906","1*5*4","2","6",11,1,3,4,49030,13167,11030,10841,3,0,6331,0,4448,5824,666,0,111,705,0,0,0,1,0,0,0,2,0,7,0
"201906","1*5*3*","1","1",22,10,1,4,42740,36575,15065,2267,3,3,36676,0,10038,19174,656,0,1743,791,0,0,0,0,0,0,1,0,0,0,0
"201903","2*2*2*","2","2",18,3,4,4,64520,22746,22103,4087,2,1,19198,0,800,3015,626,188,241,97,0,3,0,2,2,0,0,0,0,0,0
"201903","2*4*3*","2","5",14,1,0,3,,24143,10661,8471,4,4,15742,0,3155,7111,158,0,457,134,0,11,1,0,0,0,0,1,0,0,0
"201806","3*9*0*","2","3",8,27,0,3,147615,50943,14702,8879,3,1,7734,84100,0,3116,0,0,620,1440,0,2,0,1,0,0,0,0,0,0,0
"201906","1*9*3","1","3",27,6,2,7,22270,28429,8098,2498,1,0,4510,155705,3276,2693,0,24,826,402,0,0,0,1,0,0,0,0,0,0,0
"201809","1*1*6","2","2",8,0,1,1,,19769,10339,4965,1,0,29567,0,1279,2079,134,621,18,628,0,46,0,0,0,0,0,2,0,0,0
"201812","4*7*5*","2","6",6,2,6,1,25351,19429,17254,8926,6,0,22083,0,898,4458,0,187,393,793,0,0,0,3,0,0,0,0,0,2,0
"201903","1*7*6*","2","2",10,3,1,6,22190,26308,18919,3195,5,0,0,0,1660,1356,1197,46,1193,860,0,0,2,1,0,0,0,0,0,0,0
"201906","4*4*1*","1","3",18,7,2,3,83550,32695,23069,7857,3,1,2522,0,2324,0,107,149,231,813,0,0,0,4,0,0,0,0,0,0,0
"201809","4*2*7*","1","7",11,5,4,0,,129550,12761,14276,8,5,2156,0,2202,860,23,507,4,2160,0,0,0,3,0,0,1,0,0,5,0
"201906","2*2*9*","1","2",39,13,0,0,21847,19262,30460,6694,1,2,0,24819,5719,2483,682,4,80,132,0,0,1,3,0,0,1,0,1,0,0
"201806","2*1*1*","2","7",15,4,2,4,264700,24681,15752,32664,3,1,21023,108819,3349,1322,605,0,1035,674,0,40,0,1,0,0,0,0,0,3,0
"201812","2*0*4*","2","3",6,11,3,4,239804,32558,19651,6274,1,0,20169,18000,2522,778,902,72,759,202,0,0,1,14,0,0,1,0,0,0,0
"201806","1*9*2*","1","7",21,4,0,17,,20514,9377,11353,1,1,24752,76254,3203,3274,639,0,0,535,0,52,0,4,0,0,0,2,0,0,0
"201809","2*9*3","1","4",8,3,3,17,,29248,15950,1557,5,0,40517,236530,1565,1958,258,49,207,28,0,0,1,1,0,0,0,0,0,0,0
"201806","3*1*2*","2","6",10,5,0,3,25293,34500,14730,5614,9,0,12309,311448,5505,2671,594,532,1041,1119,0,120,0,2,0,0,0,0,0,0,0
"201906","2*5*4*","1","5",12,12,0,8,,18500,16613,2098,1,5,18251,0,5180,4313,985,0,140,947,0,1,0,2,0,0,0,0,0,0,0
"201809","1*1*2","1","6",16,3,0,4,49555,21885,20272,28856,4,1,0,33945,1288,576,204,0,650,1087,0,4,0,6,0,0,0,1,0,2,0
"201806","3*1*4","2","1",28,5,0,20,,13000,29173,9237,0,0,87938,0,2327,4414,234,0,498,1321,0,0,1,0,0,0,0,1,0,0,0
"201903","2*5*3*","2","3",9,11,0,2,38700,17125,12823,6046,4,0,62438,0,8320,2387,359,0,70,249,0,0,1,3,0,0,1,0,1,0,0
"201812","1*0*1","2","4",6,12,1,1,35258,18939,15771,3699,7,3,14324,243110,808,2482,222,2,2712,1682,0,0,0,0,0,0,1,0,0,0,0
"201809","2*8*0","1","2",30,0,0,12,122975,31777,19123,4591,6,0,0,144561,2058,577,51,0,1419,1063,0,0,1,0,0,0,0,5,0,0,0
"201903","1*9*8","2","5",23,13,2,15,,73026,11969,8545,0,8,7022,130692,5593,1292,177,0,869,206,0,0,0,4,0,0,0,0,0,1,0
"201809","2*1*0*","1","3",9,10,1,4,41860,13200,15544,20908,1,4,50059,0,1939,655,446,0,264,995,0,0,0,3,0,0,0,0,0,0,0
"201903","2*7*9*","1","5",13,11,2,6,141990,50248,15462,11916,7,0,117115,0,2560,3440,626,0,406,1772,0,0,0,1,0,0,0,1,0,0,0
"201803","2*4*7*","1","2",8,3,1,0,31370,19500,11799,17294,1,0,19923,0,2818,5700,550,0,1842,555,0,0,0,0,0,0,0,0,0,3,0
"201806","3*9*9*","2","6",7,4,3,5,,24000,14067,3561,2,0,37195,240759,9294,493,814,0,1247,844,0,0,0,2,0,0,0,2,0,1,0
"201903","2*6*1*","1","5",9,3,6,3,25560,23627,17963,6144,3,7,11607,187441,6356,931,180,370,667,994,0,0,1,0,0,0,1,0,0,0,0
"201812","2*8*3*","2","5",13,5,0,4,,46305,15956,5658,4,1,0,0,1239,493,392,0,418,334,0,0,1,0,0,0,0,0,0,0,1
"201812","1*4*4*","1","5",31,6,1,5,22160,25024,16647,0,2,2,20218,0,3720,1338,650,25,1623,186,0,4,0,0,0,0,0,0,1,0,0
"201903","2*2*8","1","5",11,1,0,6,20655,24143,17201,6928,3,9,15316,0,481,2143,581,550,1196,577,0,0,0,0,0,0,0,0,1,0,0
"201809","3*1*3*","2","5",12,6,1,3,53540,75825,24647,3115,18,2,0,21706,8559,0,681,34,299,642,0,0,0,0,0,0,1,0,2,1,0
"201906","1*5*8","1","7",6,17,4,10,28833,42576,11714,0,1,0,13552,335042,3522,525,867,6,674,555,0,0,0,0,0,0,0,0,0,0,0
"201806","2*2*1*","2","6",12,4,0,6,47690,30160,17188,18992,2,0,10154,0,1576,2524,1472,6,443,367,0,102,1,6,0,0,0,0,0,1,0
"201906","1*7*1*","2","6",6,5,6,3,,25010,19519,4568,4,1,0,0,547,2162,147,6,290,324,0,97,0,2,0,0,0,1,1,0,0
"201903","1*1*4","2","7",10,6,1,14,,75976,16445,9148,2,1,51893,70594,2076,862,185,0,133,1067,0,1,0,0,0,0,0,0,1,1,1
"201812","2*2*1*","2","2",14,5,0,6,,31910,12463,4748,0,0,46694,87555,2817,5294,1722,0,1156,1732,0,0,0,0,0,0,1,0,0,0,0
"201903","3*5*7*","1","6",38,8,2,7,,43734,18078,6993,3,2,20650,150036,465,2770,549,589,858,48,0,0,0,2,0,0,0,0,0,0,0
"201803","2*1*7*","1","6",10,7,1,10,101113,39012,18315,0,0,3,258038,0,1862,1922,0,30,358,330,0,134,0,0,1,0,0,0,0,0,0
"201906","4*5*0*","2","7",12,4,0,6,,26857,7283,7330,0,4,5704,30000,2184,840,584,51,670,81,0,243,1,1,0,0,0,1,1,3,0
"201812","2*0*3*","2","5",11,4,1,7,,18250,13147,9327,0,2,105214,203000,1041,130,740,69,120,826,0,11,0,3,0,0,0,0,0,0,0
"201809","2*1*3*","1","2",37,3,5,1,26620,35618,13256,8043,0,1,25000,206636,5017,2799,767,4,616,1897,0,2,1,0,0,0,0,0,2,0,0
"201906","2*8*3*","2","6",8,3,0,5,,21135,19208,4970,0,0,21598,88774,9217,0,601,87,758,578,0,3,1,0,0,0,0,0,0,2,0
"201906","1*5*5*","2","5",9,6,2,3,45017,19857,11780,1997,9,2,10000,0,611,3019,123,6,810,52,0,28,0,0,1,0,0,0,0,0,0
"201806","1*6*4","1","2",13,3,1,3,40494,28871,14727,5462,2,2,36345,95400,1009,5440,754,0,21,825,0,110,0,0,0,0,0,0,0,0,0
"201809","1*4*3","2","7",22,8,2,3,,54071,26545,5415,0,5,6986,164326,4804,0,118,15,407,0,0,52,1,0,1,0,0,1,0,1,0
